
INSERT INTO Cliente VALUES ('C00001', 'María', NULL, 'C/Ancha 2', 22222, 'maria@email.com');
INSERT INTO Cliente VALUES ('C00002', 'Andrés', NULL, 'C/Mayor 3', 33333, 'andres@email.com');
INSERT INTO Cliente VALUES ('C00003', 'Daniel', NULL, 'C/Ancha 5', 55555, 'daniel@email.com');

INSERT INTO Ingrediente VALUES ('I01', 'masa', 2);
INSERT INTO Ingrediente VALUES ('I02', 'bacon', 2);
INSERT INTO Ingrediente VALUES ('I03', 'tomate', 2);
INSERT INTO Ingrediente VALUES ('I04', 'champiñon', 2);
INSERT INTO Ingrediente VALUES ('I05', 'queso', 2);
INSERT INTO Ingrediente VALUES ('I06', 'anchoas', 3);
INSERT INTO Ingrediente VALUES ('I07', 'cebolla', 2);
INSERT INTO Ingrediente VALUES ('I08', 'pimiento', 2);
INSERT INTO Ingrediente VALUES ('I09', 'carne', 4);
INSERT INTO Ingrediente VALUES ('I10', 'atun', 3);
INSERT INTO Ingrediente VALUES ('I11', 'salsa barbacoa', 3);
INSERT INTO Ingrediente VALUES ('I12', 'salsa carbonara', 3);

INSERT INTO Pedido VALUES ('P00001', '2010-06-20', true, 'C00003', 1, 18);
INSERT INTO Pedido VALUES ('P00002', '2010-06-28', true, 'C00001', 1, 8);
INSERT INTO Pedido VALUES ('P00003', '2010-06-29', false, 'C00002', 3, 28);
INSERT INTO Pedido VALUES ('P00004', '2010-06-30', true, 'C00001', 2, 26);
INSERT INTO Pedido VALUES ('P00005', '2010-06-30', false, 'C00003', 1, 16);
INSERT INTO Pedido VALUES ('P00006', '2010-07-13', true, 'C00002', 1, 12);

INSERT INTO Pedido_Ingrediente VALUES ('L00000001', 'P00001', 'barbacoa', 'I01', 0);
INSERT INTO Pedido_Ingrediente VALUES ('L00000002', 'P00001', 'barbacoa', 'I05', 0);
INSERT INTO Pedido_Ingrediente VALUES ('L00000003', 'P00001', 'barbacoa', 'I09', 1);
INSERT INTO Pedido_Ingrediente VALUES ('L00000004', 'P00001', 'barbacoa', 'I11', 1);
INSERT INTO Pedido_Ingrediente VALUES ('L00000005', 'P00002', 'margarita', 'I01', 0);
INSERT INTO Pedido_Ingrediente VALUES ('L00000006', 'P00002', 'margarita', 'I03', 0);
INSERT INTO Pedido_Ingrediente VALUES ('L00000007', 'P00002', 'margarita', 'I05', 1);
INSERT INTO Pedido_Ingrediente VALUES ('L00000008', 'P00003', 'carbonara', 'I01', 0);
INSERT INTO Pedido_Ingrediente VALUES ('L00000009', 'P00003', 'carbonara', 'I05', 0);
INSERT INTO Pedido_Ingrediente VALUES ('L00000010', 'P00003', 'carbonara', 'I07', 0);
INSERT INTO Pedido_Ingrediente VALUES ('L00000011', 'P00003', 'carbonara', 'I02', 0);
INSERT INTO Pedido_Ingrediente VALUES ('L00000012', 'P00003', 'carbonara', 'I04', 0);
INSERT INTO Pedido_Ingrediente VALUES ('L00000013', 'P00003', 'carbonara', 'I12', 0);
INSERT INTO Pedido_Ingrediente VALUES ('L00000014', 'P00003', 'al gusto', 'I01', 0);
INSERT INTO Pedido_Ingrediente VALUES ('L00000015', 'P00003', 'al gusto', 'I03', 0);
INSERT INTO Pedido_Ingrediente VALUES ('L00000016', 'P00003', 'al gusto', 'I07', 0);
INSERT INTO Pedido_Ingrediente VALUES ('L00000017', 'P00003', 'al gusto', 'I10', 0);
INSERT INTO Pedido_Ingrediente VALUES ('L00000018', 'P00003', 'margarita', 'I01', 0);
INSERT INTO Pedido_Ingrediente VALUES ('L00000019', 'P00003', 'margarita', 'I03', 0);
INSERT INTO Pedido_Ingrediente VALUES ('L00000020', 'P00003', 'margarita', 'I05', 0);
INSERT INTO Pedido_Ingrediente VALUES ('L00000021', 'P00004', 'carbonara', 'I01', 0);
INSERT INTO Pedido_Ingrediente VALUES ('L00000022', 'P00004', 'carbonara', 'I05', 0);
INSERT INTO Pedido_Ingrediente VALUES ('L00000023', 'P00004', 'carbonara', 'I07', 0);
INSERT INTO Pedido_Ingrediente VALUES ('L00000024', 'P00004', 'carbonara', 'I04', 0);
INSERT INTO Pedido_Ingrediente VALUES ('L00000025', 'P00004', 'carbonara', 'I12', 0);
INSERT INTO Pedido_Ingrediente VALUES ('L00000026', 'P00004', 'barbacoa', 'I01', 0);
INSERT INTO Pedido_Ingrediente VALUES ('L00000027', 'P00004', 'barbacoa', 'I05', 0);
INSERT INTO Pedido_Ingrediente VALUES ('L00000028', 'P00004', 'barbacoa', 'I09', 1);
INSERT INTO Pedido_Ingrediente VALUES ('L00000029', 'P00004', 'barbacoa', 'I11', 0);
INSERT INTO Pedido_Ingrediente VALUES ('L00000030', 'P00005', 'carbonara', 'I01', 0);
INSERT INTO Pedido_Ingrediente VALUES ('L00000031', 'P00005', 'carbonara', 'I05', 0);
INSERT INTO Pedido_Ingrediente VALUES ('L00000032', 'P00005', 'carbonara', 'I07', 0);
INSERT INTO Pedido_Ingrediente VALUES ('L00000033', 'P00005', 'carbonara', 'I02', 0);
INSERT INTO Pedido_Ingrediente VALUES ('L00000034', 'P00005', 'carbonara', 'I04', 0);
INSERT INTO Pedido_Ingrediente VALUES ('L00000035', 'P00005', 'carbonara', 'I12', 1);
INSERT INTO Pedido_Ingrediente VALUES ('L00000036', 'P00006', 'al gusto', 'I01', 0);
INSERT INTO Pedido_Ingrediente VALUES ('L00000037', 'P00006', 'al gusto', 'I05', 1);
INSERT INTO Pedido_Ingrediente VALUES ('L00000038', 'P00006', 'al gusto', 'I03', 0);
INSERT INTO Pedido_Ingrediente VALUES ('L00000039', 'P00006', 'al gusto', 'I11', 0);
